{"val_loss":0.16770237684249878,"learning_rate":1.25e-05,"_wandb":{"runtime":4366},"train_dice":0.9701271397726876,"_timestamp":1.7543752495232182e+09,"train_loss":0.11704940455300468,"_runtime":4366,"val_dice":0.9076530933380127,"_step":39,"epoch":39}